id,companyId,department,category,amount,startDate,endDate,status,createdAt,updatedAt
8618f26b-ca7e-4e35-a4a4-7e99f927aeec,1486f029-2c4d-4c6b-a66f-053e4fe45f3b,Comercial,SALARIO,4200,2026-09-01T00:00:00.000Z,,ATIVO,2026-09-21T16:44:38.404Z,2026-09-21T17:11:07.602Z
ce62b6d8-f7f6-4be8-9be4-d3a784dcb1f6,1486f029-2c4d-4c6b-a66f-053e4fe45f3b,Comercial,TREINAMENTO,2000,2026-09-01T00:00:00.000Z,,ATIVO,2026-09-21T16:44:38.460Z,2026-09-21T17:11:07.602Z
df66279d-c9cc-4b42-8a04-db92beaf082b,1486f029-2c4d-4c6b-a66f-053e4fe45f3b,Comercial,CONFRATERNIZACOES,500,2026-09-01T00:00:00.000Z,,ATIVO,2026-09-21T16:44:38.500Z,2026-09-21T18:24:32.344Z
1f16d42c-3401-40cd-95d4-204684f8e3d0,1486f029-2c4d-4c6b-a66f-053e4fe45f3b,RH,SALARIO,5933,2026-09-01T00:00:00.000Z,,ATIVO,2026-09-21T16:44:38.548Z,2026-09-21T17:11:07.602Z
9ba21685-94db-4e28-ab5c-6a7b8da8c752,1486f029-2c4d-4c6b-a66f-053e4fe45f3b,RH,TREINAMENTO,2300,2026-09-01T00:00:00.000Z,,ATIVO,2026-09-21T16:44:38.601Z,2026-09-21T17:11:07.602Z
f42f1222-58a9-4ad3-b0fd-9fcd39f77ade,1486f029-2c4d-4c6b-a66f-053e4fe45f3b,RH,CONFRATERNIZACOES,800,2026-09-01T00:00:00.000Z,,ATIVO,2026-09-21T16:44:38.649Z,2026-09-21T17:11:07.602Z
b6c77985-3d48-4c5f-a243-bd06fc423548,1486f029-2c4d-4c6b-a66f-053e4fe45f3b,Financeiro,SALARIO,11918,2026-09-01T00:00:00.000Z,,ATIVO,2026-09-21T16:44:38.691Z,2026-09-21T17:11:07.602Z
246238a8-02e1-40bc-8fa9-f138f7502a84,1486f029-2c4d-4c6b-a66f-053e4fe45f3b,Financeiro,TREINAMENTO,2600,2026-09-01T00:00:00.000Z,,ATIVO,2026-09-21T16:44:38.741Z,2026-09-21T17:11:07.602Z
279934b1-7ae5-42c3-83a0-3a6f3073887f,1486f029-2c4d-4c6b-a66f-053e4fe45f3b,Financeiro,CONFRATERNIZACOES,800,2026-09-01T00:00:00.000Z,,ATIVO,2026-09-21T16:44:38.798Z,2026-09-21T17:11:07.602Z
5fdf7a7f-af6e-488a-8e32-2bf885518080,1486f029-2c4d-4c6b-a66f-053e4fe45f3b,Operações,SALARIO,8925,2026-09-01T00:00:00.000Z,,ATIVO,2026-09-21T16:44:38.852Z,2026-09-21T17:11:07.602Z
d32f76d5-0c5f-41c2-ba50-91b281cd866c,1486f029-2c4d-4c6b-a66f-053e4fe45f3b,Operações,TREINAMENTO,2900,2026-09-01T00:00:00.000Z,,ATIVO,2026-09-21T16:44:38.901Z,2026-09-21T17:11:07.602Z
81d5348b-eefe-4fc3-be40-721c3dd7e86f,1486f029-2c4d-4c6b-a66f-053e4fe45f3b,Operações,CONFRATERNIZACOES,800,2026-09-01T00:00:00.000Z,,ATIVO,2026-09-21T16:44:38.939Z,2026-09-21T17:11:07.602Z
f98944db-810e-4e05-ad20-d349c94d49f6,1486f029-2c4d-4c6b-a66f-053e4fe45f3b,Tecnologia,SALARIO,19688,2026-09-01T00:00:00.000Z,,ATIVO,2026-09-21T16:44:38.993Z,2026-09-21T17:11:07.602Z
81170617-6949-4f1d-b8f0-20db2d80d98d,1486f029-2c4d-4c6b-a66f-053e4fe45f3b,Tecnologia,TREINAMENTO,3200,2026-09-01T00:00:00.000Z,,ATIVO,2026-09-21T16:44:39.029Z,2026-09-21T17:11:07.602Z
380d2b5b-34b3-4e64-881f-ac726787f6c0,1486f029-2c4d-4c6b-a66f-053e4fe45f3b,Tecnologia,CONFRATERNIZACOES,800,2026-09-01T00:00:00.000Z,,ATIVO,2026-09-21T16:44:39.077Z,2026-09-21T17:11:07.602Z